,Emotions,Count,Percentage
0,Joy,1241,14.262728422020457
1,Analytical,2637,30.306861280312607
2,Sadness,1322,15.193655901620504
3,Confident,491,5.643029536834847
4,Tentative,629,7.229054131708999
5,Fear,171,1.9652913458223193
6,Anger,150,1.723939777037122
7,Unemotional,2060,23.675439604643145
